n_nodes,n_edges,density,avg_clustering,avg_degree,avg_shortest_path,diameter,network_type
1500,2095,0.0009317322659550812,0.044445811219714186,2.7933333333333334,,,eb_config_model
1500,1850,0.000822770736046253,0.033651581195480146,2.466666666666667,,,fb_config_model
1500,1616,0.0007187013564598621,0.0007454545454545455,2.1546666666666665,,,mb_kc_config_model
