{
    "degree": {
        "critical_fraction": 0.8148476782017153,
        "robustness_index": 0.4413265306122449
    },
    "betweenness": {
        "critical_fraction": 0.8779220779220779,
        "robustness_index": 0.42817006802721086
    },
    "random": {
        "critical_fraction": 0.914210858088409,
        "robustness_index": 0.4573238095238095
    }
}