{
    "degree": {
        "critical_fraction": 0.7608581894296179,
        "robustness_index": 0.38628571428571423
    },
    "betweenness": {
        "critical_fraction": 0.8696873244710728,
        "robustness_index": 0.40540136054421766
    },
    "random": {
        "critical_fraction": 0.9058867641544806,
        "robustness_index": 0.4148047619047619
    }
}