{
    "degree": {
        "critical_fraction": 0.7406962785114045,
        "robustness_index": 0.4489591836734693
    },
    "betweenness": {
        "critical_fraction": 0.8580498866213151,
        "robustness_index": 0.4453020408163265
    },
    "random": {
        "critical_fraction": 0.8988352414136385,
        "robustness_index": 0.4855575510204081
    }
}