{
    "degree": {
        "critical_fraction": 0.2831089882761615,
        "robustness_index": 0.17551700680272106
    },
    "betweenness": {
        "critical_fraction": 0.3408163265306122,
        "robustness_index": 0.1788095238095238
    },
    "random": {
        "critical_fraction": 0.5076370170709793,
        "robustness_index": 0.2512115646258503
    }
}