network_type,model_type,nodes,edges,threshold_simple,threshold_fitted,beta,robustness_index
eb,original,598,1019,0.9327392929002586,0.927059572862353,0.588870887534935,0.5678827383796329
eb,config_model,1500,2095,0.9158779140627025,0.8904137440432185,0.765014115499119,0.45700272108843537
fb,original,1000,1659,0.9319727891156462,0.953802721603622,0.6774192483427431,0.557638775510204
fb,config_model,1500,1850,0.9032846063118767,0.8524376489664293,0.8055627253671784,0.4137421768707483
mb_kc,original,2500,3263,0.9035151427118889,0.9999999999999999,0.9825532479602687,0.5050706122448979
mb_kc,config_model,1500,1616,0.5085807050092764,0.42959044332178725,0.3663210236558052,0.24965442176870747
